{
  "display": {
    "flash": {
      "size": 1.0,
      "yOffset": 3.6,
      "zOffset": -9.41
    }
  },
  "general": {
    "alwaysSpread": true,
    "gripType": "cgm:two_handed",
    "maxAmmo": 1,
    "rate": 40,
    "recoilAdsReduction": 0.4,
    "recoilAngle": 20.0,
    "recoilDurationOffset": 0.5,
    "recoilKick": 4.0,
    "spread": 2.0
  },
  "modules": {
    "attachments": {
      "barrel": {
        "scale": 0.5,
        "yOffset": 3.6,
        "zOffset": -9.4
      },
      "scope": {
        "yOffset": 4.4,
        "zOffset": 4.0
      },
      "underBarrel": {
        "yOffset": 3.0,
        "zOffset": -0.5
      },
      "stock": {
        "yOffset": 3.0,
        "zOffset": -0.5
      }
    },
    "zoom": {
      "fovModifier": 0.6,
      "yOffset": 5.1,
      "zOffset": 2.0
    }
  },
  "projectile": {
    "damage": 19.0,
    "gravity": true,
    "item": "cgm:advanced_bullet",
    "life": 30,
    "size": 0.3,
    "speed": 30.0
  },
  "sounds": {
    "cock": "cgm:item.heavy_rifle.cock",
    "enchantedFire": "cgm:item.heavy_rifle.enchanted_fire",
    "fire": "cgm:item.heavy_rifle.fire",
    "reload": "cgm:item.pistol.reload",
    "silencedFire": "cgm:item.heavy_rifle.silenced_fire"
  }
}