{
  "display": {
    "flash": {
      "size": 0.35,
      "yOffset": 3.5,
      "zOffset": 1.79
    }
  },
  "general": {
    "alwaysSpread": true,
    "gripType": "cgm:one_handed",
    "maxAmmo": 10,
    "rate": 4,
    "recoilAdsReduction": 0.5,
    "recoilAngle": 4.0,
    "recoilKick": 0.1,
    "reloadAmount": 1,
    "spread": 8.0
  },
  "modules": {
    "attachments": {
      "barrel": {
        "scale": 0.5,
        "yOffset": 3.2,
        "zOffset": 2.2
      },
      "scope": {
        "yOffset": 4.0,
        "zOffset": 5.5
      },
      "stock": {
        "yOffset": 3.2,
        "zOffset": 8.2
      }
    },
    "zoom": {
      "fovModifier": 0.8,
      "yOffset": 4.8,
      "zOffset": -1.0
    }
  },
  "projectile": {
    "damage": 6.0,
    "gravity": true,
    "item": "cgm:basic_bullet",
    "life": 10,
    "size": 0.2,
    "speed": 3.0
  },
  "sounds": {
    "cock": "cgm:item.rifle.cock",
    "enchantedFire": "cgm:item.machine_pistol.enchanted_fire",
    "fire": "cgm:item.machine_pistol.fire",
    "reload": "cgm:item.pistol.reload",
    "silencedFire": "cgm:item.machine_pistol.silenced_fire"
  }
}