{
	"credit": "Model by MrCrayfish (https://twitter.com/MrCraayfish) using Blockbench",
	"texture_size": [8, 8],
	"textures": {
		"0": "cgm:item/3d_textures/grenade_launcher",
		"particle": "cgm:item/3d_textures/grenade_launcher"
	},
	"elements": [
		{
			"from": [7.5, 2.2, 11.495],
			"to": [8.5, 3.45, 13.505],
			"rotation": {"angle": 0, "axis": "y", "origin": [8, 2.2429, 12.5]},
			"faces": {
				"north": {"uv": [12, 9, 14, 11.5], "texture": "#0"},
				"south": {"uv": [12, 9, 14, 11.5], "texture": "#0"},
				"up": {"uv": [12, 4.02, 14, 0], "texture": "#0"}
			}
		},
		{
			"from": [7.9571, 1.7429, 11.495],
			"to": [9.2071, 2.7429, 13.505],
			"rotation": {"angle": 0, "axis": "z", "origin": [8, 2.2429, 12.5]},
			"faces": {
				"north": {"uv": [12, 11.5, 14, 9], "rotation": 90, "texture": "#0"},
				"east": {"uv": [12, 4.02, 14, 0], "rotation": 90, "texture": "#0"},
				"south": {"uv": [12, 9, 14, 11.5], "rotation": 90, "texture": "#0"}
			}
		},
		{
			"from": [7.5, 1.0358, 11.495],
			"to": [8.5, 2.2858, 13.505],
			"rotation": {"angle": 0, "axis": "z", "origin": [8, 2.2429, 12.5]},
			"faces": {
				"north": {"uv": [14, 11.5, 12, 9], "texture": "#0"},
				"south": {"uv": [14, 11.5, 12, 9], "texture": "#0"},
				"down": {"uv": [12, 4.02, 14, 0], "rotation": 180, "texture": "#0"}
			}
		},
		{
			"from": [6.7929, 1.7429, 11.495],
			"to": [8.0429, 2.7429, 13.505],
			"rotation": {"angle": 0, "axis": "z", "origin": [8, 2.2429, 12.5]},
			"faces": {
				"north": {"uv": [12, 9, 14, 11.5], "rotation": 90, "texture": "#0"},
				"south": {"uv": [12, 11.5, 14, 9], "rotation": 90, "texture": "#0"},
				"west": {"uv": [12, 4.02, 14, 0], "rotation": 270, "texture": "#0"}
			}
		},
		{
			"from": [7.5, 2.45, 11.5],
			"to": [8.5, 3.45, 13.5],
			"rotation": {"angle": -45, "axis": "z", "origin": [8, 2.2429, 12.5]},
			"faces": {
				"north": {"uv": [12, 11, 14, 9], "rotation": 180, "texture": "#0"},
				"south": {"uv": [12, 11, 14, 9], "rotation": 180, "texture": "#0"},
				"up": {"uv": [14, 0, 12, 4], "rotation": 180, "texture": "#0"}
			}
		},
		{
			"from": [7.5, 1.03579, 11.5],
			"to": [8.5, 2.03579, 13.5],
			"rotation": {"angle": 45, "axis": "z", "origin": [8, 2.2429, 12.5]},
			"faces": {
				"north": {"uv": [12, 11, 14, 9], "texture": "#0"},
				"south": {"uv": [12, 11, 14, 9], "texture": "#0"},
				"down": {"uv": [14, 0, 12, 4], "texture": "#0"}
			}
		},
		{
			"from": [7.5, 1.03579, 11.5],
			"to": [8.5, 2.03579, 13.5],
			"rotation": {"angle": -45, "axis": "z", "origin": [8, 2.2429, 12.5]},
			"faces": {
				"north": {"uv": [12, 11, 14, 9], "texture": "#0"},
				"south": {"uv": [12, 11, 14, 9], "texture": "#0"},
				"down": {"uv": [14, 0, 12, 4], "texture": "#0"}
			}
		},
		{
			"from": [6.79289, 1.74289, 11.5],
			"to": [7.79289, 2.74289, 13.5],
			"rotation": {"angle": -45, "axis": "z", "origin": [8, 2.2429, 12.5]},
			"faces": {
				"north": {"uv": [14, 11, 12, 9], "rotation": 270, "texture": "#0"},
				"south": {"uv": [14, 9, 12, 11], "rotation": 270, "texture": "#0"},
				"west": {"uv": [14, 0, 12, 4], "rotation": 90, "texture": "#0"}
			}
		}
	],
	"groups": [
		{
			"name": "group",
			"origin": [8, 2.04289, 12.5],
			"color": 0,
			"children": [0, 1, 2, 3, 4, 5, 6, 7]
		},
		{
			"name": "group",
			"origin": [8, 2.04289, 12.5],
			"color": 0,
			"children": []
		}
	]
}