{
	"credit": "End_Rage waz here",
	"textures": {
		"0": "cgm:item/3d_textures/mini_gun",
		"particle": "cgm:item/3d_textures/mini_gun"
	},
	"elements": [
		{
			"from": [7, 1, -2.5],
			"to": [9, 3, -2],
			"rotation": {"angle": 0, "axis": "y", "origin": [-1, 0, 0]},
			"faces": {
				"north": {"uv": [7, 10.5, 9, 12.5], "texture": "#0", "tintindex": 0},
				"east": {"uv": [7, 10.5, 7.5, 12.5], "texture": "#0", "tintindex": 0},
				"south": {"uv": [7, 10.5, 9, 12.5], "texture": "#0", "tintindex": 0},
				"west": {"uv": [7, 10.5, 7.5, 12.5], "texture": "#0", "tintindex": 0},
				"up": {"uv": [7, 10.5, 9, 11], "texture": "#0", "tintindex": 0},
				"down": {"uv": [7, 10.5, 9, 11], "texture": "#0", "tintindex": 0}
			}
		},
		{
			"from": [9, 1.5, -2.5],
			"to": [9.5, 2.5, -2],
			"rotation": {"angle": 0, "axis": "y", "origin": [16, 0, 0]},
			"faces": {
				"north": {"uv": [3.5, 4.5, 4.5, 4], "rotation": 90, "texture": "#0", "tintindex": 0},
				"east": {"uv": [8, 15.5, 7.5, 14.5], "texture": "#0", "tintindex": 0},
				"south": {"uv": [3.5, 4, 4.5, 4.5], "rotation": 90, "texture": "#0", "tintindex": 0},
				"west": {"uv": [0.5, 0, 0, 1], "texture": "#missing", "tintindex": 0},
				"up": {"uv": [2.5, 4, 3, 4.5], "rotation": 90, "texture": "#0", "tintindex": 0},
				"down": {"uv": [4, 4, 4.5, 4.5], "rotation": 90, "texture": "#0", "tintindex": 0}
			}
		},
		{
			"from": [9.5, 1.5, -2.5],
			"to": [10.5, 2.5, -2],
			"rotation": {"angle": 0, "axis": "y", "origin": [16, 0, 0]},
			"faces": {
				"north": {"uv": [3.5, 4, 4.5, 3], "rotation": 90, "texture": "#0"},
				"east": {"uv": [8, 15.5, 7.5, 14.5], "texture": "#0"},
				"south": {"uv": [3.5, 3, 4.5, 4], "rotation": 90, "texture": "#0"},
				"west": {"uv": [0.5, 0, 0, 1], "texture": "#missing"},
				"up": {"uv": [2.5, 3, 3, 4], "rotation": 90, "texture": "#0"},
				"down": {"uv": [4, 3, 4.5, 4], "rotation": 90, "texture": "#0"}
			}
		},
		{
			"from": [6.5, 1.5, -2.5],
			"to": [7, 2.5, -2],
			"faces": {
				"north": {"uv": [3.5, 4, 4.5, 4.5], "rotation": 90, "texture": "#0", "tintindex": 0},
				"east": {"uv": [0, 0, 0.5, 1], "texture": "#missing", "tintindex": 0},
				"south": {"uv": [3.5, 4.5, 4.5, 4], "rotation": 90, "texture": "#0", "tintindex": 0},
				"west": {"uv": [7.5, 15.5, 8, 14.5], "texture": "#0", "tintindex": 0},
				"up": {"uv": [2.5, 4.5, 3, 4], "rotation": 90, "texture": "#0", "tintindex": 0},
				"down": {"uv": [4, 4.5, 4.5, 4], "rotation": 90, "texture": "#0", "tintindex": 0}
			}
		},
		{
			"from": [5.5, 1.5, -2.5],
			"to": [6.5, 2.5, -2],
			"faces": {
				"north": {"uv": [3.5, 3, 4.5, 4], "rotation": 90, "texture": "#0"},
				"east": {"uv": [0, 0, 0.5, 1], "texture": "#missing"},
				"south": {"uv": [3.5, 4, 4.5, 3], "rotation": 90, "texture": "#0"},
				"west": {"uv": [7.5, 15.5, 8, 14.5], "texture": "#0"},
				"up": {"uv": [2.5, 4, 3, 3], "rotation": 90, "texture": "#0"},
				"down": {"uv": [4, 4, 4.5, 3], "rotation": 90, "texture": "#0"}
			}
		},
		{
			"from": [5.5, 1, -2],
			"to": [6, 2.5, 14],
			"faces": {
				"north": {"uv": [0, 14.5, 0.5, 16], "texture": "#0"},
				"east": {"uv": [16, 14.5, 0, 16], "texture": "#0"},
				"south": {"uv": [15.5, 14.5, 16, 16], "texture": "#0"},
				"west": {"uv": [0, 14.5, 16, 16], "texture": "#0"},
				"up": {"uv": [0, 14.5, 16, 15], "rotation": 90, "texture": "#0"},
				"down": {"uv": [16, 15.5, 0, 16], "rotation": 90, "texture": "#0"}
			}
		},
		{
			"from": [10, 1, -2],
			"to": [10.5, 2.5, 14],
			"rotation": {"angle": 0, "axis": "y", "origin": [4.5, 0, 0]},
			"faces": {
				"north": {"uv": [0, 14.5, 0.5, 16], "texture": "#0"},
				"east": {"uv": [16, 14.5, 0, 16], "texture": "#0"},
				"south": {"uv": [15.5, 14.5, 16, 16], "texture": "#0"},
				"west": {"uv": [0, 14.5, 16, 16], "texture": "#0"},
				"up": {"uv": [0, 14.5, 16, 15], "rotation": 90, "texture": "#0"},
				"down": {"uv": [16, 15.5, 0, 16], "rotation": 90, "texture": "#0"}
			}
		},
		{
			"from": [11, 1, 12.5],
			"to": [11.5, 5, 14],
			"rotation": {"angle": 0, "axis": "y", "origin": [16.5, 14, 7.75]},
			"faces": {
				"north": {"uv": [5, 13, 4.5, 9], "texture": "#0"},
				"east": {"uv": [4.5, 13, 6, 9], "texture": "#0"},
				"south": {"uv": [5, 13, 4.5, 9], "texture": "#0"},
				"west": {"uv": [6, 13, 4.5, 9], "texture": "#0"},
				"up": {"uv": [5.5, 11, 5, 12.5], "texture": "#0"},
				"down": {"uv": [5, 11.5, 4.5, 13], "texture": "#0"}
			}
		},
		{
			"from": [10.5, 1.25, 12.75],
			"to": [11, 2.25, 13.75],
			"rotation": {"angle": 0, "axis": "y", "origin": [16, 14, 7.75]},
			"faces": {
				"north": {"uv": [5.5, 11.5, 5, 12.5], "rotation": 180, "texture": "#0"},
				"east": {"uv": [6, 11.5, 5, 12.5], "rotation": 270, "texture": "#0"},
				"south": {"uv": [5.5, 11.5, 5, 12.5], "texture": "#0"},
				"west": {"uv": [6, 11.5, 5, 12.5], "rotation": 90, "texture": "#0"},
				"up": {"uv": [5.5, 11.5, 5, 12.5], "rotation": 180, "texture": "#0"},
				"down": {"uv": [5.5, 11.5, 5, 12.5], "texture": "#0"}
			}
		},
		{
			"from": [11.5, 4, 13],
			"to": [12, 4.5, 13.5],
			"rotation": {"angle": -45, "axis": "x", "origin": [12.375, 4.25, 13.25]},
			"faces": {
				"north": {"uv": [0.5, 0, 0, 0.5], "rotation": 180, "texture": "#0"},
				"east": {"uv": [0.5, 0, 0, 0.5], "rotation": 270, "texture": "#0"},
				"south": {"uv": [0.5, 0, 0, 0.5], "texture": "#0"},
				"west": {"uv": [0.5, 0, 0, 0.5], "rotation": 90, "texture": "#0"},
				"up": {"uv": [0.5, 0, 0, 0.5], "rotation": 180, "texture": "#0"},
				"down": {"uv": [0.5, 0, 0, 0.5], "texture": "#0"}
			}
		},
		{
			"from": [6, 0, 9],
			"to": [10, 4, 16],
			"faces": {
				"north": {"uv": [5, 0, 9, 4], "texture": "#0", "tintindex": 0},
				"east": {"uv": [16, 8, 9, 12], "texture": "#0", "tintindex": 0},
				"south": {"uv": [5, 4, 9, 8], "texture": "#0", "tintindex": 0},
				"west": {"uv": [9, 4, 16, 8], "texture": "#0", "tintindex": 0},
				"up": {"uv": [9, 0, 16, 4], "rotation": 90, "texture": "#0", "tintindex": 0},
				"down": {"uv": [9, 8, 16, 12], "rotation": 90, "texture": "#0", "tintindex": 0}
			}
		},
		{
			"from": [6.75, 0.75, 16],
			"to": [9.25, 3.25, 16.5],
			"rotation": {"angle": 0, "axis": "y", "origin": [0, 0, 5.75]},
			"faces": {
				"north": {"uv": [6.5, 8, 9, 10.5], "texture": "#0", "tintindex": 0},
				"east": {"uv": [8.5, 8, 9, 10.5], "texture": "#0", "tintindex": 0},
				"south": {"uv": [6.5, 8, 9, 10.5], "texture": "#0", "tintindex": 0},
				"west": {"uv": [6.5, 8, 7, 10.5], "texture": "#0", "tintindex": 0},
				"up": {"uv": [6.5, 8, 9, 8.5], "texture": "#0", "tintindex": 0},
				"down": {"uv": [6.5, 10, 9, 10.5], "texture": "#0", "tintindex": 0}
			}
		},
		{
			"from": [5, 0, 11],
			"to": [6, 1, 13],
			"rotation": {"angle": 0, "axis": "y", "origin": [-4, 0, -1]},
			"faces": {
				"north": {"uv": [12.5, 6.5, 13.5, 7.5], "rotation": 180, "texture": "#0", "tintindex": 0},
				"south": {"uv": [13.5, 6.5, 12.5, 7.5], "rotation": 180, "texture": "#0", "tintindex": 0},
				"down": {"uv": [13, 6.5, 15, 7.5], "rotation": 90, "texture": "#0", "tintindex": 0}
			}
		},
		{
			"from": [7.5, 5, 11],
			"to": [8.5, 9, 13],
			"rotation": {"angle": 0, "axis": "y", "origin": [0, 0, 0.25]},
			"faces": {
				"north": {"uv": [2.5, 5, 3.5, 9], "texture": "#0"},
				"east": {"uv": [4.5, 0, 2.5, 4], "texture": "#0"},
				"south": {"uv": [2.5, 5, 3.5, 9], "texture": "#0"},
				"west": {"uv": [2.5, 0, 4.5, 4], "texture": "#0"},
				"up": {"uv": [3.5, 5, 4.5, 7], "texture": "#0"},
				"down": {"uv": [0, 0, 1, 2], "texture": "#missing"}
			}
		},
		{
			"from": [7.5, 4, 11],
			"to": [8.5, 5, 13],
			"rotation": {"angle": 0, "axis": "y", "origin": [0, 0, 0.25]},
			"faces": {
				"north": {"uv": [2.5, 9, 3.5, 10], "texture": "#0", "tintindex": 0},
				"east": {"uv": [4.5, 4, 2.5, 5], "texture": "#0", "tintindex": 0},
				"south": {"uv": [2.5, 9, 3.5, 10], "texture": "#0", "tintindex": 0},
				"west": {"uv": [2.5, 4, 4.5, 5], "texture": "#0", "tintindex": 0},
				"up": {"uv": [3.5, 5, 4.5, 7], "texture": "#0", "tintindex": 0},
				"down": {"uv": [0, 0, 1, 2], "texture": "#missing", "tintindex": 0}
			}
		},
		{
			"from": [4.17678, 3.19454, 9.5],
			"to": [4.67678, 5.19454, 10.499],
			"rotation": {"angle": 45, "axis": "z", "origin": [6.17678, 4.44454, -1.2501]},
			"faces": {
				"north": {"uv": [3.5, 5, 4, 7], "texture": "#0"},
				"east": {"uv": [3.5, 5, 4.499, 7], "texture": "#0"},
				"south": {"uv": [3.5, 5, 4, 7], "texture": "#0"},
				"west": {"uv": [3.5, 5, 4.499, 7], "texture": "#0"},
				"up": {"uv": [3.5, 5, 4, 5.999], "texture": "#0"},
				"down": {"uv": [3.5, 5, 4, 5.999], "texture": "#0"}
			}
		},
		{
			"from": [7.67678, 1.69454, 9.5],
			"to": [8.17678, 2.69454, 10.499],
			"rotation": {"angle": 45, "axis": "z", "origin": [6.17678, 4.44454, -1.2501]},
			"faces": {
				"north": {"uv": [2.5, 4, 3, 5], "texture": "#0", "tintindex": 0},
				"east": {"uv": [2.5, 4, 3.499, 5], "texture": "#0", "tintindex": 0},
				"south": {"uv": [2.5, 4, 3, 5], "texture": "#0", "tintindex": 0},
				"west": {"uv": [2.5, 4, 3.499, 5], "texture": "#0", "tintindex": 0},
				"up": {"uv": [2.5, 1.5, 3, 2.499], "texture": "#0", "tintindex": 0},
				"down": {"uv": [2.5, 1.5, 3, 2.499], "texture": "#0", "tintindex": 0}
			}
		},
		{
			"from": [7.67678, 2.69454, 9.5],
			"to": [8.17678, 5.19454, 10.499],
			"rotation": {"angle": 45, "axis": "z", "origin": [6.17678, 4.44454, -1.2501]},
			"faces": {
				"north": {"uv": [2.5, 1.5, 3, 4], "texture": "#0"},
				"east": {"uv": [2.5, 1.5, 3.499, 4], "texture": "#0"},
				"south": {"uv": [2.5, 1.5, 3, 4], "texture": "#0"},
				"west": {"uv": [2.5, 1.5, 3.499, 4], "texture": "#0"},
				"up": {"uv": [2.5, 1.5, 3, 1.499], "texture": "#0"},
				"down": {"uv": [2.5, 1.5, 3, 1.499], "texture": "#0"}
			}
		},
		{
			"from": [4.57322, 4.1981, 9.6499],
			"to": [7.07322, 4.8981, 10.3499],
			"rotation": {"angle": 45, "axis": "z", "origin": [5.82322, 4.7981, -1.5001]},
			"faces": {
				"north": {"uv": [4.5, 10.5, 2, 11], "texture": "#0"},
				"east": {"uv": [2, 11, 2.7, 11.5], "texture": "#0"},
				"south": {"uv": [2, 10, 4.5, 10.5], "texture": "#0"},
				"west": {"uv": [2, 11, 2.7, 11.5], "texture": "#0"},
				"up": {"uv": [2, 11, 4.5, 11.5], "texture": "#0"},
				"down": {"uv": [2, 11, 4.5, 11.5], "texture": "#0"}
			}
		},
		{
			"from": [12, 4, 12.85858],
			"to": [14, 4.7, 13.55858],
			"rotation": {"angle": 45, "axis": "x", "origin": [13.25, 4.25, 13.10858]},
			"faces": {
				"north": {"uv": [2, 11, 4, 11.5], "rotation": 180, "texture": "#0"},
				"east": {"uv": [2, 11, 2.2, 11.5], "rotation": 90, "texture": "#0"},
				"south": {"uv": [2, 11, 4, 11.5], "texture": "#0"},
				"west": {"uv": [2, 11, 2.2, 11.5], "rotation": 270, "texture": "#0"},
				"up": {"uv": [2, 10, 4, 10.5], "texture": "#0"},
				"down": {"uv": [4, 10.5, 2, 11], "rotation": 180, "texture": "#0"}
			}
		},
		{
			"from": [4.32322, 4.2981, 9.7499],
			"to": [7.32322, 4.7981, 10.2499],
			"rotation": {"angle": 45, "axis": "z", "origin": [5.82322, 4.7981, -1.5001]},
			"faces": {
				"north": {"uv": [6, 15, 9, 15.5], "texture": "#0"},
				"east": {"uv": [6, 15, 6.5, 15.5], "texture": "#0"},
				"south": {"uv": [6, 15, 9, 15.5], "texture": "#0"},
				"west": {"uv": [6, 15, 6.5, 15.5], "texture": "#0"},
				"up": {"uv": [6, 15, 9, 15.5], "texture": "#0"},
				"down": {"uv": [6, 15, 9, 15.5], "texture": "#0"}
			}
		}
	],
	"groups": [
		0,
		1,
		2,
		3,
		4,
		5,
		6,
		{
			"name": "crank",
			"origin": [12.375, 4.25, 13.25],
			"color": 0,
			"children": [7, 8, 9]
		},
		10,
		11,
		12,
		13,
		14,
		{
			"name": "handle",
			"origin": [5.82322, 4.7981, 10],
			"color": 0,
			"children": [15, 16, 17, 18, 19, 20]
		}
	]
}