{
	"credit": "End_Rage waz here",
	"textures": {
		"0": "ends_expansion:item/mares_leg",
		"particle": "ends_expansion:item/mares_leg"
	},
	"elements": [
		{
			"from": [7.495, 0.86836, 15.67545],
			"to": [8.505, 2.36836, 17.67545],
			"rotation": {"angle": 22.5, "axis": "x", "origin": [8, 1.86836, 16.42545]},
			"faces": {
				"east": {"uv": [4, 6.5, 5.5, 8.5], "rotation": 90, "texture": "#0"},
				"west": {"uv": [4, 8.5, 5.5, 6.5], "rotation": 90, "texture": "#0"},
				"up": {"uv": [3, 6.5, 4.01, 8.5], "texture": "#0"},
				"down": {"uv": [5.5, 8.5, 6.51, 6.5], "texture": "#0"}
			}
		},
		{
			"from": [7.495, 0.86836, 14.67545],
			"to": [8.505, 2.36836, 15.67545],
			"rotation": {"angle": 22.5, "axis": "x", "origin": [8, 1.86836, 16.42545]},
			"faces": {
				"east": {"uv": [4, 5.5, 5.5, 6.5], "rotation": 90, "texture": "#0", "tintindex": 0},
				"west": {"uv": [4, 6.5, 5.5, 5.5], "rotation": 90, "texture": "#0", "tintindex": 0},
				"up": {"uv": [3, 5.5, 4.01, 6.5], "texture": "#0", "tintindex": 0},
				"down": {"uv": [5.5, 6.5, 6.51, 5.5], "texture": "#0", "tintindex": 0}
			}
		},
		{
			"from": [7.495, 0.86836, 17.67545],
			"to": [8.505, 2.86836, 18.67545],
			"rotation": {"angle": 22.5, "axis": "x", "origin": [8, 1.86836, 16.42545]},
			"faces": {
				"north": {"uv": [4.5, 10, 5.51, 12], "rotation": 180, "texture": "#0"},
				"east": {"uv": [3.5, 8.5, 5.5, 9.5], "rotation": 90, "texture": "#0"},
				"south": {"uv": [5.5, 8.5, 6.51, 10.5], "texture": "#0"},
				"west": {"uv": [3.5, 9.5, 5.5, 8.5], "rotation": 90, "texture": "#0"},
				"up": {"uv": [2.5, 8.5, 3.51, 9.5], "texture": "#0"},
				"down": {"uv": [5.5, 9.5, 6.51, 8.5], "texture": "#0"}
			}
		},
		{
			"from": [7.75, 3.5, 3.5],
			"to": [8.25, 4, 4],
			"rotation": {"angle": 0, "axis": "y", "origin": [8, 3.75, 5.75]},
			"faces": {
				"north": {"uv": [0.5, 0.5, 1, 1], "texture": "#0"},
				"east": {"uv": [0.5, 0.5, 1, 1], "texture": "#0"},
				"south": {"uv": [0.5, 0.5, 1, 1], "texture": "#0"},
				"west": {"uv": [0.5, 0.5, 1, 1], "texture": "#0"},
				"up": {"uv": [0.5, 0.5, 1, 1], "texture": "#0"}
			}
		},
		{
			"from": [8, 0.17277, 12.64717],
			"to": [8.01, 1.67277, 16.14717],
			"rotation": {"angle": 22.5, "axis": "x", "origin": [8.005, 0.67277, 13.89717]},
			"faces": {
				"east": {"uv": [8.5, 0, 7, 3.5], "rotation": 90, "texture": "#0"},
				"west": {"uv": [7, 0, 8.5, 3.5], "rotation": 270, "texture": "#0"}
			}
		},
		{
			"from": [7.995, 2.98033, 13.82322],
			"to": [8.005, 3.98033, 14.82322],
			"rotation": {"angle": 22.5, "axis": "x", "origin": [7.995, 3.23033, 14.07322]},
			"faces": {
				"east": {"uv": [7, 4, 8, 5], "rotation": 270, "texture": "#0"},
				"west": {"uv": [7, 5, 8, 4], "rotation": 270, "texture": "#0"}
			}
		},
		{
			"from": [7.5, 1.5, 10.5],
			"to": [8.5, 3.5, 14],
			"rotation": {"angle": 0, "axis": "y", "origin": [8, 3, 11]},
			"faces": {
				"east": {"uv": [3.5, 1, 5.5, 4.5], "rotation": 90, "texture": "#0", "tintindex": 0},
				"south": {"uv": [3.5, 0, 5.5, 1], "rotation": 270, "texture": "#0", "tintindex": 0},
				"west": {"uv": [3.5, 4.5, 5.5, 1], "rotation": 90, "texture": "#0", "tintindex": 0},
				"up": {"uv": [2.5, 1, 3.5, 4.5], "texture": "#0", "tintindex": 0},
				"down": {"uv": [5.5, 4.5, 6.5, 1], "texture": "#0", "tintindex": 0}
			}
		},
		{
			"from": [7.5, 2.5, 3.5],
			"to": [8.5, 3.5, 10.5],
			"rotation": {"angle": 0, "axis": "y", "origin": [8, 3, 11]},
			"faces": {
				"north": {"uv": [0, 15, 1, 16], "texture": "#0"},
				"east": {"uv": [9, 0, 10, 7], "rotation": 90, "texture": "#0"},
				"west": {"uv": [9, 7, 10, 0], "rotation": 90, "texture": "#0"},
				"up": {"uv": [0, 0, 1, 7], "texture": "#0"},
				"down": {"uv": [0, 7, 1, 0], "texture": "#0"}
			}
		},
		{
			"from": [7.75, 2, 3.5],
			"to": [8.25, 2.5, 10.5],
			"rotation": {"angle": 0, "axis": "y", "origin": [8, 3, 11]},
			"faces": {
				"north": {"uv": [1.5, 0, 2, 0.5], "texture": "#0"},
				"east": {"uv": [1, 0, 1.5, 7], "rotation": 90, "texture": "#0"},
				"west": {"uv": [1, 7, 1.5, 0], "rotation": 90, "texture": "#0"},
				"down": {"uv": [1.5, 7, 2, 0], "texture": "#0"}
			}
		},
		{
			"from": [7.5, 1.5, 14],
			"to": [8.5, 3, 15],
			"rotation": {"angle": 0, "axis": "y", "origin": [8, 3, 12]},
			"faces": {
				"east": {"uv": [3.5, 4.5, 5, 5.5], "rotation": 90, "texture": "#0", "tintindex": 0},
				"west": {"uv": [3.5, 5.5, 5, 4.5], "rotation": 90, "texture": "#0", "tintindex": 0},
				"up": {"uv": [2.5, 4.5, 3.5, 5.5], "texture": "#0", "tintindex": 0},
				"down": {"uv": [5, 5.5, 6, 4.5], "texture": "#0", "tintindex": 0}
			}
		},
		{
			"from": [7.5, 3.45, 13.5],
			"to": [8.5, 3.95, 13.5],
			"rotation": {"angle": 0, "axis": "y", "origin": [8, 3.25, 5.75]},
			"faces": {
				"south": {"uv": [1.5, 15, 3.5, 16], "texture": "#0"}
			}
		},
		{
			"from": [7.5, 1.5, 5],
			"to": [8.5, 2.5, 10.5],
			"rotation": {"angle": 0, "axis": "y", "origin": [7.5, 0.5, -2.5]},
			"faces": {
				"north": {"uv": [4, 5.5, 5, 6.5], "texture": "#0"},
				"east": {"uv": [10, 7.5, 11, 13], "rotation": 90, "texture": "#0"},
				"west": {"uv": [10, 13, 11, 7.5], "rotation": 90, "texture": "#0"},
				"down": {"uv": [10, 13, 11, 7.5], "texture": "#0"}
			}
		},
		{
			"from": [7.5, 1.5, 4.5],
			"to": [8.5, 2.5, 5],
			"rotation": {"angle": 0, "axis": "y", "origin": [7.5, 0.5, -2.5]},
			"faces": {
				"north": {"uv": [4, 5.5, 5, 6.5], "texture": "#0", "tintindex": 0},
				"east": {"uv": [10, 7, 11, 7.5], "rotation": 90, "texture": "#0", "tintindex": 0},
				"west": {"uv": [10, 7.5, 11, 7], "rotation": 90, "texture": "#0", "tintindex": 0},
				"down": {"uv": [10, 7.5, 11, 7], "texture": "#0", "tintindex": 0}
			}
		}
	],
	"display": {
		"thirdperson_righthand": {
			"rotation": [22.5, 0, 0],
			"translation": [0, 9.5, -5],
			"scale": [1.2, 1.2, 1.2]
		},
		"firstperson_righthand": {
			"translation": [-5, 8.5, -1.5],
			"scale": [0.8, 0.8, 0.8]
		},
		"ground": {
			"translation": [0, 5, -2.5]
		},
		"gui": {
			"rotation": [64, 47, -47],
			"translation": [0.75, 9.5, 0],
			"scale": [1.5, 1.5, 1.5]
		},
		"head": {
			"rotation": [0, 180, 0]
		},
		"fixed": {
			"rotation": [0, -90, 0],
			"translation": [8, 11.5, 0],
			"scale": [2, 2, 2]
		}
	},
	"groups": [
		{
			"name": "group",
			"origin": [8, 3.2, 11.5],
			"color": 0,
			"children": [0, 1, 2, 3, 4, 5, 6, 7, 8, 9]
		},
		10,
		11,
		12
	]
}