{
  "type": "create:mechanical_crafting",
  "acceptMirrored": true,
  "key": {
    "I": {
      "item": "minecraft:iron_block"
    },
    "D": {
      "item": "minecraft:dispenser"
    },
    "F": {
      "item": "minecraft:flint_and_steel"
    },
    "P": {
      "tag": "minecraft:planks"
    },
    "W": {
      "tag": "minecraft:wool"
    },
    "H": {
      "item": "create:hand_crank"
    }
  },
  "pattern": [
    "IIDF",
    "HWP "
  ],
  "result": {
    "item": "cgm:bazooka"
  }
}