{
	"credit": "End_Rage waz here",
	"texture_size": [8, 8],
	"textures": {
		"0": "cgm:item/3d_textures/short_scope",
		"particle": "cgm:item/3d_textures/short_scope"
	},
	"elements": [
		{
			"from": [7.25, 7.75, 10.249],
			"to": [8.75, 10, 10.249],
			"rotation": {"angle": 0, "axis": "y", "origin": [8, 8.725, 11.499]},
			"faces": {
				"south": {"uv": [0, 0, 6, 9], "texture": "#0"}
			}
		},
		{
			"from": [7.5, 7.5, 8.25],
			"to": [8.5, 8, 10.25],
			"rotation": {"angle": 0, "axis": "y", "origin": [7.25, 5.5, 7.5]},
			"faces": {
				"north": {"uv": [2, 5, 4, 6], "texture": "#0"},
				"east": {"uv": [4, 4, 5, 8], "rotation": 90, "texture": "#0"},
				"south": {"uv": [2, 5, 4, 6], "texture": "#0"},
				"west": {"uv": [4, 0, 5, 4], "rotation": 90, "texture": "#0"},
				"up": {"uv": [1, 10, 3, 14], "texture": "#0"}
			}
		}
	],
	"display": {
		"thirdperson_righthand": {
			"translation": [0, -0.5, 0],
			"scale": [1.5, 1.5, 1.5]
		},
		"firstperson_righthand": {
			"rotation": [-41, 0, 0],
			"translation": [-4.25, 4.25, 6.5]
		},
		"ground": {
			"translation": [0, -3, 0],
			"scale": [1.5, 1.5, 1.5]
		},
		"gui": {
			"rotation": [30, 225, 0],
			"translation": [0, -3, 0],
			"scale": [2.5, 2.5, 2.5]
		},
		"fixed": {
			"rotation": [0, 90, 0],
			"translation": [-0.25, -3.5, -2.5],
			"scale": [3, 3, 3]
		}
	},
	"groups": [
		{
			"name": "group",
			"origin": [7.25, 5.5, 7.5],
			"color": 0,
			"children": [0, 1]
		}
	]
}