{
	"credit": "End_Rage waz here",
	"texture_size": [8, 8],
	"textures": {
		"1": "cgm:item/3d_textures/specialised_grip",
		"particle": "cgm:item/3d_textures/specialised_grip"
	},
	"elements": [
		{
			"from": [7.501, 5.7006, 8.08616],
			"to": [8.5, 7.7006, 9.08616],
			"rotation": {"angle": -22.5, "axis": "x", "origin": [8, 7.38373, 8.54731]},
			"faces": {
				"north": {"uv": [0, 4, 2, 8], "texture": "#1"},
				"east": {"uv": [2, 4, 0, 8], "texture": "#1"},
				"south": {"uv": [0, 8, 2, 4], "rotation": 180, "texture": "#1"},
				"west": {"uv": [2, 8, 0, 4], "rotation": 180, "texture": "#1"},
				"down": {"uv": [0, 0, 2, 2], "rotation": 90, "texture": "#1"}
			}
		},
		{
			"from": [7.5, 7.5, 7],
			"to": [8.5, 8.5, 9],
			"rotation": {"angle": 0, "axis": "y", "origin": [8, 7.38373, 8.54731]},
			"faces": {
				"north": {"uv": [0, 2, 2, 4], "texture": "#1"},
				"east": {"uv": [4, 2, 0, 4], "texture": "#1"},
				"south": {"uv": [2, 4, 4, 2], "rotation": 180, "texture": "#1"},
				"west": {"uv": [4, 4, 0, 2], "rotation": 180, "texture": "#1"},
				"up": {"uv": [0, 0, 4, 2], "rotation": 270, "texture": "#1"},
				"down": {"uv": [0, 10, 2, 6], "rotation": 180, "texture": "#1"}
			}
		}
	],
	"display": {
		"thirdperson_righthand": {
			"rotation": [90, 0, 0],
			"translation": [0, 0.75, 1.75],
			"scale": [1.2, 1.2, 1.2]
		},
		"firstperson_righthand": {
			"translation": [-3.5, 5.25, 5.75]
		},
		"ground": {
			"translation": [0, -0.25, 0],
			"scale": [1.5, 1.5, 1.5]
		},
		"gui": {
			"rotation": [30, 225, 0],
			"translation": [-0.25, 1, 0],
			"scale": [3, 3, 3]
		},
		"fixed": {
			"rotation": [0, 90, 0],
			"translation": [-0.25, 1.25, -1.75],
			"scale": [2.5, 2.5, 2.5]
		}
	},
	"groups": [
		{
			"name": "group",
			"origin": [7.95269, 7.38373, 8],
			"color": 0,
			"children": [0, 1]
		}
	]
}