{
	"credit": "End_Rage waz here",
	"parent": "cgm:item/grenade_3d",
	"texture_size": [8, 8],
	"textures": {
		"1": "cgm:item/3d_textures/stun_grenade",
		"particle": "cgm:item/3d_textures/stun_grenade"
	},
	"elements": [
		{
			"from": [7, -5, 7],
			"to": [9, 0, 9],
			"rotation": {"angle": 0, "axis": "y", "origin": [8, 8, 8]},
			"faces": {
				"north": {"uv": [0, 0, 4, 10], "texture": "#1"},
				"east": {"uv": [0, 0, 4, 10], "texture": "#1"},
				"south": {"uv": [0, 0, 4, 10], "texture": "#1"},
				"west": {"uv": [0, 0, 4, 10], "texture": "#1"}
			}
		},
		{
			"from": [6.75, 0, 6.75],
			"to": [9.25, 1, 9.25],
			"rotation": {"angle": 0, "axis": "y", "origin": [8, 8, 8]},
			"faces": {
				"north": {"uv": [4, 9, 9, 11], "texture": "#1"},
				"east": {"uv": [4, 9, 9, 11], "texture": "#1"},
				"south": {"uv": [4, 9, 9, 11], "texture": "#1"},
				"west": {"uv": [4, 9, 9, 11], "texture": "#1"},
				"up": {"uv": [4, 4, 9, 9], "texture": "#1"},
				"down": {"uv": [4, 4, 9, 9], "texture": "#1"}
			}
		},
		{
			"from": [6.75, -6, 6.75],
			"to": [9.25, -5, 9.25],
			"rotation": {"angle": 0, "axis": "y", "origin": [8, 8, 8]},
			"faces": {
				"north": {"uv": [4, 9, 9, 11], "texture": "#1"},
				"east": {"uv": [4, 9, 9, 11], "texture": "#1"},
				"south": {"uv": [4, 9, 9, 11], "texture": "#1"},
				"west": {"uv": [4, 9, 9, 11], "texture": "#1"},
				"up": {"uv": [4, 4, 9, 9], "texture": "#1"},
				"down": {"uv": [4, 4, 9, 9], "texture": "#1"}
			}
		},
		{
			"from": [8, 1, 7.75],
			"to": [8, 3, 8.75],
			"rotation": {"angle": 0, "axis": "y", "origin": [8, 5, 8.25]},
			"faces": {
				"east": {"uv": [4, 0, 6, 4], "texture": "#1"},
				"west": {"uv": [6, 0, 4, 4], "texture": "#1"}
			}
		}
	],
	"display": {
		"thirdperson_righthand": {
			"translation": [0, 8.5, 0.75]
		},
		"thirdperson_lefthand": {
			"translation": [0, 8.5, 0.75]
		},
		"firstperson_righthand": {
			"rotation": [0, -90, 25],
			"translation": [0.63, 9, 0.13],
			"scale": [0.8, 0.8, 0.8]
		},
		"firstperson_lefthand": {
			"rotation": [0, -90, 25],
			"translation": [0.63, 9, 0.13],
			"scale": [0.8, 0.8, 0.8]
		},
		"fixed": {
			"rotation": [0, 90, 0],
			"translation": [0, 7.5, 0]
		}
	}
}