{
	"credit": "End_Rage waz here",
	"textures": {
		"0": "cgm:item/3d_textures/assault_rifle",
		"particle": "cgm:item/3d_textures/assault_rifle"
	},
	"elements": [
		{
			"from": [7.495, 1.36836, 15.67545],
			"to": [8.505, 2.86836, 17.67545],
			"rotation": {"angle": 22.5, "axis": "x", "origin": [8, 2.36836, 16.42545]},
			"faces": {
				"east": {"uv": [4, 6.5, 5.5, 8.5], "rotation": 90, "texture": "#0"},
				"west": {"uv": [4, 8.5, 5.5, 6.5], "rotation": 90, "texture": "#0"},
				"up": {"uv": [3, 6.5, 4.01, 8.5], "texture": "#0"},
				"down": {"uv": [5.5, 8.5, 6.51, 6.5], "texture": "#0"}
			}
		},
		{
			"from": [7.495, 1.36836, 14.67545],
			"to": [8.505, 2.86836, 15.67545],
			"rotation": {"angle": 22.5, "axis": "x", "origin": [8, 2.36836, 16.42545]},
			"faces": {
				"east": {"uv": [4, 5.5, 5.5, 6.5], "rotation": 90, "texture": "#0", "tintindex": 0},
				"west": {"uv": [4, 6.5, 5.5, 5.5], "rotation": 90, "texture": "#0", "tintindex": 0},
				"up": {"uv": [3, 5.5, 4.01, 6.5], "texture": "#0", "tintindex": 0},
				"down": {"uv": [5.5, 6.5, 6.51, 5.5], "texture": "#0", "tintindex": 0}
			}
		},
		{
			"from": [7.495, 1.36836, 17.67545],
			"to": [8.505, 3.36836, 21.17545],
			"rotation": {"angle": 22.5, "axis": "x", "origin": [8, 2.36836, 16.42545]},
			"faces": {
				"north": {"uv": [4.5, 10, 5.51, 12], "rotation": 180, "texture": "#0"},
				"east": {"uv": [3.5, 8.5, 5.5, 12], "rotation": 90, "texture": "#0"},
				"south": {"uv": [5, 1, 6.01, 3], "texture": "#0"},
				"west": {"uv": [3.5, 12, 5.5, 8.5], "rotation": 90, "texture": "#0"},
				"up": {"uv": [2.5, 8.5, 3.51, 12], "texture": "#0"},
				"down": {"uv": [5.5, 12, 6.51, 8.5], "texture": "#0"}
			}
		},
		{
			"from": [7.495, 1.36836, 21.17545],
			"to": [8.505, 3.36836, 21.67545],
			"rotation": {"angle": 22.5, "axis": "x", "origin": [8, 2.36836, 16.42545]},
			"faces": {
				"north": {"uv": [4.5, 10, 5.51, 12], "rotation": 180, "texture": "#0", "tintindex": 0},
				"east": {"uv": [3.5, 12, 5.5, 12.5], "rotation": 90, "texture": "#0", "tintindex": 0},
				"south": {"uv": [5, 1, 6.01, 3], "texture": "#0", "tintindex": 0},
				"west": {"uv": [3.5, 12.5, 5.5, 12], "rotation": 90, "texture": "#0", "tintindex": 0},
				"up": {"uv": [2.5, 12, 3.51, 12.5], "texture": "#0", "tintindex": 0},
				"down": {"uv": [5.5, 12.5, 6.51, 12], "texture": "#0", "tintindex": 0}
			}
		},
		{
			"from": [7.75, 4, -2.5],
			"to": [8.25, 4.5, -2],
			"rotation": {"angle": 0, "axis": "y", "origin": [8, 4.25, 5.75]},
			"faces": {
				"north": {"uv": [0.5, 0.5, 1, 1], "texture": "#0"},
				"east": {"uv": [0.5, 0.5, 1, 1], "texture": "#0"},
				"south": {"uv": [0.5, 0.5, 1, 1], "texture": "#0"},
				"west": {"uv": [0.5, 0.5, 1, 1], "texture": "#0"},
				"up": {"uv": [0.5, 0.5, 1, 1], "texture": "#0"}
			}
		},
		{
			"from": [8, 0.67277, 12.64717],
			"to": [8.01, 2.17277, 16.14717],
			"rotation": {"angle": 22.5, "axis": "x", "origin": [8.005, 1.17277, 13.89717]},
			"faces": {
				"east": {"uv": [8.5, 0, 7, 3.5], "rotation": 90, "texture": "#0"},
				"west": {"uv": [7, 0, 8.5, 3.5], "rotation": 270, "texture": "#0"}
			}
		},
		{
			"from": [7.995, 3.48033, 13.82322],
			"to": [8.005, 4.48033, 14.82322],
			"rotation": {"angle": 22.5, "axis": "x", "origin": [7.995, 3.73033, 14.07322]},
			"faces": {
				"east": {"uv": [7, 4, 8, 5], "rotation": 270, "texture": "#0"},
				"west": {"uv": [7, 5, 8, 4], "rotation": 270, "texture": "#0"}
			}
		},
		{
			"from": [7.5, 2, 10.5],
			"to": [8.5, 4, 14],
			"rotation": {"angle": 0, "axis": "y", "origin": [8, 3.5, 11]},
			"faces": {
				"north": {"uv": [3.5, 0, 5.5, 1], "rotation": 90, "texture": "#0", "tintindex": 0},
				"east": {"uv": [3.5, 1, 5.5, 4.5], "rotation": 90, "texture": "#0", "tintindex": 0},
				"south": {"uv": [3.5, 0, 5.5, 1], "rotation": 270, "texture": "#0", "tintindex": 0},
				"west": {"uv": [3.5, 4.5, 5.5, 1], "rotation": 90, "texture": "#0", "tintindex": 0},
				"up": {"uv": [2.5, 1, 3.5, 4.5], "texture": "#0", "tintindex": 0},
				"down": {"uv": [5.5, 4.5, 6.5, 1], "texture": "#0", "tintindex": 0}
			}
		},
		{
			"from": [7.5, 3, -2.5],
			"to": [8.5, 4, 10.5],
			"rotation": {"angle": 0, "axis": "y", "origin": [8, 3.5, 11]},
			"faces": {
				"north": {"uv": [0, 15, 1, 16], "texture": "#0"},
				"east": {"uv": [0, 0, 1, 13], "rotation": 90, "texture": "#0"},
				"west": {"uv": [0, 13, 1, 0], "rotation": 90, "texture": "#0"},
				"up": {"uv": [0, 0, 1, 13], "texture": "#0"},
				"down": {"uv": [0, 13, 1, 0], "texture": "#0"}
			}
		},
		{
			"from": [7.75, 2.5, -2.5],
			"to": [8.25, 3, 10.5],
			"rotation": {"angle": 0, "axis": "y", "origin": [8, 3.5, 11]},
			"faces": {
				"north": {"uv": [1.5, 0, 2, 0.5], "texture": "#0"},
				"east": {"uv": [1, 0, 1.5, 13], "rotation": 90, "texture": "#0"},
				"west": {"uv": [1, 13, 1.5, 0], "rotation": 90, "texture": "#0"},
				"down": {"uv": [1.5, 13, 2, 0], "texture": "#0"}
			}
		},
		{
			"from": [7.5, 2, 14],
			"to": [8.5, 3.5, 15],
			"rotation": {"angle": 0, "axis": "y", "origin": [8, 3.5, 12]},
			"faces": {
				"east": {"uv": [3.5, 4.5, 5, 5.5], "rotation": 90, "texture": "#0", "tintindex": 0},
				"west": {"uv": [3.5, 5.5, 5, 4.5], "rotation": 90, "texture": "#0", "tintindex": 0},
				"up": {"uv": [2.5, 4.5, 3.5, 5.5], "texture": "#0", "tintindex": 0},
				"down": {"uv": [5, 5.5, 6, 4.5], "texture": "#0", "tintindex": 0}
			}
		},
		{
			"from": [7.5, 3.95, 13.5],
			"to": [8.5, 4.45, 13.5],
			"rotation": {"angle": 0, "axis": "y", "origin": [8, 3.75, 5.75]},
			"faces": {
				"south": {"uv": [1.5, 15, 3.5, 16], "texture": "#0"}
			}
		}
	],
	"groups": [
		{
			"name": "group",
			"origin": [8, 3.2, 11.5],
			"color": 0,
			"children": [0, 1, 2, 3, 4, 5, 6, 7, 8, 9, 10]
		},
		11
	]
}