{
	"credit": "End_Rage waz here",
	"textures": {
		"0": "cgm:item/3d_textures/heavy_rifle",
		"particle": "cgm:item/3d_textures/heavy_rifle"
	},
	"elements": [
		{
			"from": [7.5, 3, -3.5],
			"to": [8.5, 4, 6.5],
			"rotation": {"angle": 0, "axis": "y", "origin": [0, 0, -0.5]},
			"faces": {
				"north": {"uv": [1, 0, 2, 1], "texture": "#0"},
				"east": {"uv": [0, 0, 1, 10], "rotation": 90, "texture": "#0"},
				"west": {"uv": [0, 10, 1, 0], "rotation": 90, "texture": "#0"},
				"up": {"uv": [0, 0, 1, 10], "texture": "#0"},
				"down": {"uv": [0, 0, 1, 10], "texture": "#0"}
			}
		},
		{
			"from": [7.75, 4, -3.5],
			"to": [8.25, 4.5, -2.5],
			"rotation": {"angle": 0, "axis": "y", "origin": [0, 1, -0.75]},
			"faces": {
				"north": {"uv": [0, 0, 0.5, 0.5], "texture": "#0"},
				"east": {"uv": [1, 0, 0, 0.5], "texture": "#0"},
				"south": {"uv": [0.5, 0, 1, 0.5], "texture": "#0"},
				"west": {"uv": [0, 0, 1, 0.5], "texture": "#0"},
				"up": {"uv": [0, 0, 0.5, 1], "texture": "#0"}
			}
		},
		{
			"from": [7.5, 2.5, 8],
			"to": [8.5, 4, 12.5],
			"rotation": {"angle": 0, "axis": "y", "origin": [0, 0, -4]},
			"faces": {
				"north": {"uv": [1.5, 11.5, 2.5, 13], "texture": "#0"},
				"east": {"uv": [0, 11.5, 1.5, 16], "rotation": 90, "texture": "#0"},
				"west": {"uv": [0, 16, 1.5, 11.5], "rotation": 90, "texture": "#0"},
				"up": {"uv": [1, 5.5, 2, 10], "texture": "#0"},
				"down": {"uv": [1.5, 16, 2.5, 11.5], "texture": "#0"}
			}
		},
		{
			"from": [7.5, 2.5, 7.5],
			"to": [8.5, 4, 8],
			"rotation": {"angle": 0, "axis": "y", "origin": [0, 0, -4]},
			"faces": {
				"north": {"uv": [1.5, 11, 2.5, 12.5], "texture": "#0", "tintindex": 0},
				"east": {"uv": [0, 11, 1.5, 11.5], "rotation": 90, "texture": "#0", "tintindex": 0},
				"west": {"uv": [0, 11.5, 1.5, 11], "rotation": 90, "texture": "#0", "tintindex": 0},
				"up": {"uv": [1, 5, 2, 5.5], "texture": "#0", "tintindex": 0},
				"down": {"uv": [1.5, 11.5, 2.5, 11], "texture": "#0", "tintindex": 0}
			}
		},
		{
			"from": [7.5, 2.5, 6.5],
			"to": [8.5, 4, 7.5],
			"rotation": {"angle": 0, "axis": "y", "origin": [0, 0, -4]},
			"faces": {
				"north": {"uv": [1.5, 11.5, 2.5, 13], "texture": "#0"},
				"east": {"uv": [0, 10, 1.5, 11], "rotation": 90, "texture": "#0"},
				"west": {"uv": [0, 11, 1.5, 10], "rotation": 90, "texture": "#0"},
				"up": {"uv": [1, 4, 2, 5], "texture": "#0"},
				"down": {"uv": [1.5, 11, 2.5, 10], "texture": "#0"}
			}
		},
		{
			"from": [7.5, 2.5, 12.5],
			"to": [8.5, 4, 13.5],
			"rotation": {"angle": 0, "axis": "y", "origin": [0, 0, -4]},
			"faces": {
				"east": {"uv": [1, 2.5, 2, 4], "texture": "#0", "tintindex": 0},
				"west": {"uv": [1, 2.5, 2, 4], "texture": "#0", "tintindex": 0},
				"up": {"uv": [1, 1.5, 2, 2.5], "texture": "#0", "tintindex": 0},
				"down": {"uv": [1, 3, 2, 4], "texture": "#0", "tintindex": 0}
			}
		},
		{
			"from": [7.5001, 2.36575, 13.17493],
			"to": [8.7001, 3.86575, 14.17493],
			"rotation": {"angle": 22.5, "axis": "x", "origin": [8.1, 3.11575, 13.67493]},
			"faces": {
				"north": {"uv": [2, 1, 3, 2.5], "texture": "#0"},
				"east": {"uv": [2, 1, 3, 2.5], "texture": "#0", "tintindex": 0},
				"south": {"uv": [2, 1, 3, 2.5], "texture": "#0", "tintindex": 0},
				"west": {"uv": [2, 1, 3, 2.5], "texture": "#0", "tintindex": 0},
				"up": {"uv": [2, 0, 3, 1], "texture": "#0", "tintindex": 0},
				"down": {"uv": [2, 0, 3, 1], "texture": "#0", "tintindex": 0}
			}
		},
		{
			"from": [7.999, 1.65224, 12.23463],
			"to": [7.999, 2.65224, 15.23463],
			"rotation": {"angle": 22.5, "axis": "x", "origin": [8.499, 2.15224, 12.73463]},
			"faces": {
				"east": {"uv": [2, 6.5, 3, 9.5], "rotation": 90, "texture": "#0"}
			}
		},
		{
			"from": [8.5865, 1.60038, 13.52269],
			"to": [8.5865, 4.10038, 15.02269],
			"rotation": {"angle": 22.5, "axis": "x", "origin": [8.799, 2.35038, 15.52269]},
			"faces": {
				"east": {"uv": [3, 0, 4.5, 2.5], "texture": "#0"}
			}
		},
		{
			"from": [7.5, 2.40904, 13.98463],
			"to": [8.5, 2.90904, 16.48463],
			"rotation": {"angle": 22.5, "axis": "x", "origin": [8, 2.15904, 15.98463]},
			"faces": {
				"east": {"uv": [3, 6.5, 3.5, 4], "rotation": 90, "texture": "#0"},
				"south": {"uv": [3.5, 2.5, 4.5, 4], "texture": "#0"},
				"west": {"uv": [3, 4, 3.5, 6.5], "rotation": 90, "texture": "#0"},
				"up": {"uv": [2, 4, 3, 6.5], "texture": "#0"},
				"down": {"uv": [4.5, 4, 5.5, 6.5], "texture": "#0"}
			}
		},
		{
			"from": [7.5, 1.40904, 13.98463],
			"to": [8.5, 2.40904, 16.48463],
			"rotation": {"angle": 22.5, "axis": "x", "origin": [8, 2.15904, 15.98463]},
			"faces": {
				"east": {"uv": [3.5, 6.5, 4.5, 4], "rotation": 90, "texture": "#0", "tintindex": 0},
				"west": {"uv": [3.5, 4, 4.5, 6.5], "rotation": 90, "texture": "#0", "tintindex": 0},
				"down": {"uv": [3.5, 4, 4.5, 6.5], "texture": "#0", "tintindex": 0}
			}
		},
		{
			"from": [7.5, 1.40904, 16.48463],
			"to": [8.5, 2.90904, 17.98463],
			"rotation": {"angle": 22.5, "axis": "x", "origin": [8, 2.15904, 15.98463]},
			"faces": {
				"east": {"uv": [3, 4, 4.5, 2.5], "rotation": 90, "texture": "#0"},
				"south": {"uv": [3.5, 2.5, 4.5, 4], "texture": "#0"},
				"west": {"uv": [3, 2.5, 4.5, 4], "rotation": 90, "texture": "#0"},
				"up": {"uv": [2, 2.5, 3, 4], "texture": "#0"},
				"down": {"uv": [4.5, 2.5, 5.5, 4], "texture": "#0"}
			}
		}
	]
}