{
	"credit": "End_Rage waz here",
	"texture_size": [8, 8],
	"textures": {
		"0": "cgm:item/3d_textures/machine_pistol",
		"particle": "cgm:item/3d_textures/machine_pistol"
	},
	"elements": [
		{
			"from": [7.75, 3.5, 5.5],
			"to": [8.25, 4, 6],
			"rotation": {"angle": 0, "axis": "y", "origin": [8, 3.75, 5.75]},
			"faces": {
				"north": {"uv": [2.5, 0.5, 3, 1], "texture": "#0"},
				"east": {"uv": [3.5, 1, 4, 1.5], "texture": "#0"},
				"south": {"uv": [3, 1, 3.5, 1.5], "texture": "#0"},
				"west": {"uv": [2, 0.5, 2.5, 1], "texture": "#0"},
				"up": {"uv": [2, 1, 2.5, 1.5], "texture": "#0"}
			}
		},
		{
			"from": [7.5, 3.6, 14.5],
			"to": [8.5, 4.1, 14.5],
			"rotation": {"angle": 0, "axis": "y", "origin": [8, 3.75, 5.75]},
			"faces": {
				"south": {"uv": [0, 8.5, 2, 9.5], "texture": "#0"}
			}
		},
		{
			"from": [7.4, 1.9, 10],
			"to": [8.6, 3.6, 15],
			"rotation": {"angle": 0, "axis": "y", "origin": [8, 3, 11.5]},
			"faces": {
				"north": {"uv": [6, 1, 7, 2.5], "rotation": 180, "texture": "#0", "tintindex": 0},
				"east": {"uv": [9, 4.5, 4, 6], "texture": "#0", "tintindex": 0},
				"south": {"uv": [8, 1, 9, 2.5], "texture": "#0", "tintindex": 0},
				"west": {"uv": [4, 1, 9, 2.5], "texture": "#0", "tintindex": 0},
				"up": {"uv": [4, 0, 9, 1], "rotation": 90, "texture": "#0", "tintindex": 0},
				"down": {"uv": [9, 1.5, 4, 2.5], "rotation": 90, "texture": "#0", "tintindex": 0}
			}
		},
		{
			"from": [7.5, 2, 10],
			"to": [8.5, 3.5, 12.5],
			"rotation": {"angle": 0, "axis": "y", "origin": [8, 3, 11.5]},
			"faces": {
				"east": {"uv": [13, 0, 10.5, 1.5], "texture": "#0"},
				"west": {"uv": [10.5, 0.5, 13, 2], "texture": "#0"},
				"up": {"uv": [10.5, 0, 13, 1], "rotation": 90, "texture": "#0"}
			}
		},
		{
			"from": [7.5, 0, 10.5],
			"to": [8.5, 2, 12.5],
			"rotation": {"angle": 0, "axis": "y", "origin": [8, 3, 11]},
			"faces": {
				"north": {"uv": [5.5, 2.5, 6.5, 4.5], "texture": "#0", "tintindex": 0},
				"east": {"uv": [6.5, 6, 4.5, 8], "texture": "#0", "tintindex": 0},
				"south": {"uv": [8, 1, 9, 3], "texture": "#0", "tintindex": 0},
				"west": {"uv": [4.5, 2.5, 6.5, 4.5], "texture": "#0", "tintindex": 0},
				"up": {"uv": [5.5, 0, 6.5, 2], "texture": "#missing", "tintindex": 0},
				"down": {"uv": [9, 0, 7, 1], "rotation": 90, "texture": "#0", "tintindex": 0}
			}
		},
		{
			"from": [7.975, 0, 12.5],
			"to": [8.025, 1.5, 14],
			"rotation": {"angle": 0, "axis": "y", "origin": [7.5, 3, 13]},
			"faces": {
				"east": {"uv": [9.5, 7, 8, 8.5], "texture": "#0", "tintindex": 0},
				"west": {"uv": [8, 7, 9.5, 8.5], "texture": "#0", "tintindex": 0}
			}
		},
		{
			"from": [7.975, 0.5, 12.5],
			"to": [8.025, 1.5, 13.5],
			"rotation": {"angle": 0, "axis": "y", "origin": [7.5, 3, 13]},
			"faces": {
				"east": {"uv": [7.5, 3, 6.5, 4], "texture": "#0"},
				"west": {"uv": [6.5, 3, 7.5, 4], "texture": "#0"}
			}
		},
		{
			"from": [7.975, 2, 15],
			"to": [8.025, 3.5, 16],
			"rotation": {"angle": 0, "axis": "y", "origin": [7.5, 5.5, 15.5]},
			"faces": {
				"east": {"uv": [10, 1, 9, 2.5], "texture": "#0"},
				"west": {"uv": [9, 1, 10, 2.5], "texture": "#0"}
			}
		},
		{
			"from": [7.5, 2.5, 5.5],
			"to": [8.5, 3.5, 10],
			"rotation": {"angle": 0, "axis": "y", "origin": [8, 3, 11]},
			"faces": {
				"north": {"uv": [0, 7, 1, 8], "texture": "#0"},
				"east": {"uv": [0, 0, 1, 4.5], "rotation": 90, "texture": "#0"},
				"west": {"uv": [0, 4.5, 1, 0], "rotation": 90, "texture": "#0"},
				"up": {"uv": [0, 0, 1, 4.5], "texture": "#0"},
				"down": {"uv": [0, 4.5, 1, 0], "texture": "#0"}
			}
		},
		{
			"from": [7.5, 1, 14],
			"to": [8.5, 2, 15.5],
			"rotation": {"angle": 0, "axis": "y", "origin": [8, 3, 13.5]},
			"faces": {
				"north": {"uv": [7.5, 2.5, 8.5, 3.5], "texture": "#0", "tintindex": 0},
				"east": {"uv": [9.5, 6, 8, 7], "texture": "#0", "tintindex": 0},
				"south": {"uv": [8, 1.5, 9, 2.5], "texture": "#0", "tintindex": 0},
				"west": {"uv": [8, 2.5, 9.5, 3.5], "texture": "#0", "tintindex": 0},
				"up": {"uv": [8, 1.5, 9, 3], "texture": "#0", "tintindex": 0}
			}
		},
		{
			"from": [7.5005, -1.07926, 14.11522],
			"to": [8.4995, 1.42074, 15.61522],
			"rotation": {"angle": -22.5, "axis": "x", "origin": [7.9995, 0.92074, 15.11522]},
			"faces": {
				"north": {"uv": [1.5, 5.5, 2.498, 8], "texture": "#0"},
				"east": {"uv": [1, 5.5, 2.5, 8], "texture": "#0"},
				"south": {"uv": [1, 5.5, 1.998, 8], "texture": "#0"},
				"west": {"uv": [2.5, 5.5, 1, 8], "texture": "#0"},
				"up": {"uv": [7, 0, 7.998, 1.5], "texture": "#0"},
				"down": {"uv": [1.5, 8, 2.498, 6.5], "texture": "#0"}
			}
		},
		{
			"from": [7.5, 1.5, 12.5],
			"to": [8.5, 2, 14],
			"rotation": {"angle": 0, "axis": "y", "origin": [8, 3, 12.5]},
			"faces": {
				"north": {"uv": [0.5, 0, 1.5, 1], "texture": "#missing"},
				"east": {"uv": [8, 6, 6.5, 6.5], "texture": "#0", "tintindex": 0},
				"south": {"uv": [5.5, 3.5, 6.5, 4.5], "texture": "#missing", "tintindex": 0},
				"west": {"uv": [6.5, 2.5, 8, 3], "texture": "#0", "tintindex": 0},
				"up": {"uv": [7, 0, 8, 1.5], "texture": "#missing", "tintindex": 0},
				"down": {"uv": [7.5, 3.5, 8.5, 2], "texture": "#0", "tintindex": 0}
			}
		}
	],
	"groups": [
		{
			"name": "group",
			"origin": [8, 3.2, 11.5],
			"color": 0,
			"children": [0, 1, 2, 3, 4, 5, 6, 7, 8, 9, 10, 11]
		}
	]
}