{
	"credit": "End_Rage waz here",
	"texture_size": [8, 8],
	"textures": {
		"0": "cgm:item/3d_textures/pistol",
		"particle": "cgm:item/3d_textures/pistol"
	},
	"elements": [
		{
			"from": [7.501, 2.15901, 15.38388],
			"to": [8.496, 3.15901, 16.38388],
			"rotation": {"angle": -45, "axis": "x", "origin": [8, 1.40901, 15.88388]},
			"faces": {
				"north": {"uv": [8, 10, 10, 9], "rotation": 180, "texture": "#0", "tintindex": 0},
				"east": {"uv": [8, 9, 10, 10], "texture": "#0", "tintindex": 0},
				"south": {"uv": [12, 13, 13.99, 15], "texture": "#0", "tintindex": 0},
				"west": {"uv": [8, 10, 10, 9], "rotation": 180, "texture": "#0", "tintindex": 0}
			}
		},
		{
			"from": [7.501, 2.15901, 16.38388],
			"to": [8.496, 2.65901, 16.38388],
			"rotation": {"angle": -45, "axis": "x", "origin": [8, 1.40901, 15.88388]},
			"faces": {
				"south": {"uv": [8, 11, 9.99, 12], "texture": "#0"}
			}
		},
		{
			"from": [7.501, 0.15901, 15.38388],
			"to": [8.496, 2.15901, 16.38388],
			"rotation": {"angle": -45, "axis": "x", "origin": [8, 1.40901, 15.88388]},
			"faces": {
				"north": {"uv": [8, 15, 10, 11], "rotation": 180, "texture": "#0"},
				"east": {"uv": [8, 11, 10, 15], "texture": "#0"},
				"south": {"uv": [8, 12, 10, 16], "texture": "#0"},
				"west": {"uv": [8, 15, 10, 11], "rotation": 180, "texture": "#0"},
				"down": {"uv": [10, 5, 12, 7], "texture": "#0", "tintindex": 0}
			}
		},
		{
			"from": [7.75, 3.5, 5.5],
			"to": [8.25, 4, 6],
			"rotation": {"angle": 0, "axis": "y", "origin": [8, 3.75, 5.75]},
			"faces": {
				"north": {"uv": [5, 1, 6, 2], "texture": "#0"},
				"east": {"uv": [7, 2, 8, 3], "texture": "#0"},
				"south": {"uv": [6, 2, 7, 3], "texture": "#0"},
				"west": {"uv": [4, 1, 5, 2], "texture": "#0"},
				"up": {"uv": [4, 2, 5, 3], "texture": "#0"},
				"down": {"uv": [5, 1, 6, 2], "texture": "#0"}
			}
		},
		{
			"from": [8, 0.05, 13.5],
			"to": [8.01, 2.05, 15],
			"rotation": {"angle": -45, "axis": "x", "origin": [8.005, 0.8, 14.25]},
			"faces": {
				"east": {"uv": [3, 10, 0, 14], "texture": "#0"},
				"west": {"uv": [0, 10, 3, 14], "texture": "#0"}
			}
		},
		{
			"from": [7.995, 2.98033, 13.82322],
			"to": [8.005, 3.98033, 14.82322],
			"rotation": {"angle": 22.5, "axis": "x", "origin": [7.995, 3.23033, 14.07322]},
			"faces": {
				"east": {"uv": [0, 11, 2, 13], "rotation": 270, "texture": "#0"},
				"west": {"uv": [0, 13, 2, 11], "rotation": 270, "texture": "#0"}
			}
		},
		{
			"from": [7.5, 1.5, 10.5],
			"to": [8.5, 3.5, 14],
			"rotation": {"angle": 0, "axis": "y", "origin": [8, 3, 11]},
			"faces": {
				"north": {"uv": [14, 7, 16, 11], "rotation": 180, "texture": "#0", "tintindex": 0},
				"east": {"uv": [12, 0, 16, 7], "rotation": 90, "texture": "#0", "tintindex": 0},
				"south": {"uv": [10, 10, 12, 14], "texture": "#0", "tintindex": 0},
				"west": {"uv": [12, 7, 16, 0], "rotation": 90, "texture": "#0", "tintindex": 0},
				"up": {"uv": [10, 0, 12, 7], "texture": "#0", "tintindex": 0},
				"down": {"uv": [8, 7, 10, 0], "texture": "#0", "tintindex": 0}
			}
		},
		{
			"from": [7.5, 2.5, 5.5],
			"to": [8.5, 3.5, 10.5],
			"rotation": {"angle": 0, "axis": "y", "origin": [8, 3, 11]},
			"faces": {
				"north": {"uv": [0, 14, 2, 16], "texture": "#0"},
				"east": {"uv": [0, 0, 2, 10], "rotation": 90, "texture": "#0"},
				"west": {"uv": [0, 10, 2, 0], "rotation": 90, "texture": "#0"},
				"up": {"uv": [0, 0, 2, 10], "texture": "#0"},
				"down": {"uv": [0, 10, 2, 0], "texture": "#0"}
			}
		},
		{
			"from": [7.75, 2, 5.5],
			"to": [8.25, 2.5, 10.5],
			"rotation": {"angle": 0, "axis": "y", "origin": [8, 3, 11]},
			"faces": {
				"north": {"uv": [5, 0, 6, 1], "texture": "#0"},
				"east": {"uv": [3, 0, 4, 10], "rotation": 90, "texture": "#0"},
				"west": {"uv": [3, 10, 4, 0], "rotation": 90, "texture": "#0"},
				"down": {"uv": [3, 10, 4, 0], "texture": "#0"}
			}
		},
		{
			"from": [7.5, 1.5, 14],
			"to": [8.5, 3, 15],
			"rotation": {"angle": 0, "axis": "y", "origin": [8, 3, 12]},
			"faces": {
				"east": {"uv": [10, 7, 12, 10], "texture": "#0", "tintindex": 0},
				"south": {"uv": [10, 7, 12, 10], "texture": "#0", "tintindex": 0},
				"west": {"uv": [12, 7, 10, 10], "texture": "#0", "tintindex": 0},
				"up": {"uv": [13, 0, 15, 2], "texture": "#0", "tintindex": 0},
				"down": {"uv": [8, 9, 10, 7], "texture": "#0", "tintindex": 0}
			}
		},
		{
			"from": [7.5, 3.45, 13.5],
			"to": [8.5, 3.95, 13.5],
			"rotation": {"angle": 0, "axis": "y", "origin": [8, 3.75, 5.75]},
			"faces": {
				"south": {"uv": [3, 14, 7, 16], "texture": "#0"}
			}
		}
	],
	"groups": [
		{
			"name": "group",
			"origin": [8, 3.2, 11.5],
			"color": 0,
			"children": [0, 1, 2, 3, 4, 5, 6, 7, 8, 9]
		},
		10
	]
}